id,scientificName,decimalLatitude,decimalLongitude,kingdom,phylum,class,order,family,genus,taxonRank,eventDate,image_filename,species_id
252524220,Spinus tristis,43.5016540366,-88.3289730182,Animalia,Chordata,Aves,Passeriformes,Fringillidae,Spinus,species,2024-11-21T10:21:57-06:00,252524220.jpg,6955
10482,Cyanistes caeruleus,51.528722,-0.15553,Animalia,Chordata,Aves,Passeriformes,Paridae,Cyanistes,species,2010-05-29,10482.jpg,2135
252524428,Cygnus olor,60.1845760414,24.934207491,Animalia,Chordata,Aves,Anseriformes,Anatidae,Cygnus,species,2024-11-21,252524428.jpg,2166
144304431,Lamium purpureum,51.1389992523,15.5018273368,Plantae,Tracheophyta,Magnoliopsida,Lamiales,Lamiaceae,Lamium,species,2022-04-15,144304431.jpg,3905
10493,Branta canadensis,51.525626,-0.157708,Animalia,Chordata,Aves,Anseriformes,Anatidae,Branta,species,2010-05-29,10493.jpg,1071
36086682,Quiscalus mexicanus,16.4328570457,-85.9063972221,Animalia,Chordata,Aves,Passeriformes,Icteridae,Quiscalus,species,2019-11-15T12:04:00-05:00,36086682.jpg,6274
180371115,Sequoia sempervirens,37.8187474,-122.1807217,Plantae,Tracheophyta,Pinopsida,Pinales,Cupressaceae,Sequoia,species,2023-08-18T19:24:00-07:00,180371115.jpg,6743
36074889,Ardea alba,23.2926324297,-106.441496322,Animalia,Chordata,Aves,Pelecaniformes,Ardeidae,Ardea,species,2019-11-21T08:48:00-06:00,36074889.jpg,639
4257,Mareca strepera,39.4220733643,-122.1479110718,Animalia,Chordata,Aves,Anseriformes,Anatidae,Mareca,species,2010-01-10,4257.jpg,4415
15171,Sequoia sempervirens,40.0204408,-123.7936663,Plantae,Tracheophyta,Pinopsida,Pinales,Cupressaceae,Sequoia,species,2010-10-10,15171.jpg,6743
11298,Turdus migratorius,39.3072064166,-123.7997817993,Animalia,Chordata,Aves,Passeriformes,Turdidae,Turdus,species,2011-02-12,11298.jpg,7618
108223682,Sitta carolinensis,44.9388028489,-93.2217779458,Animalia,Chordata,Aves,Passeriformes,Sittidae,Sitta,species,2022-03-05T14:16:00-06:00,108223682.jpg,6836
6903,Parus major,50.8254318237,-1.8287032843,Animalia,Chordata,Aves,Passeriformes,Paridae,Parus,species,2010-03-26T17:41:00+00:00,6903.jpg,5344
108221282,Poecile atricapillus,44.6936467,-77.2333929,Animalia,Chordata,Aves,Passeriformes,Paridae,Poecile,species,2022-03-08T12:32:00-05:00,108221282.jpg,5845
180366839,Pandion haliaetus,48.204983507,-117.2780514518,Animalia,Chordata,Aves,Accipitriformes,Pandionidae,Pandion,species,2023-08-26T14:56:00-07:00,180366839.jpg,5239
72154930,Harmonia axyridis,51.4315569932,-0.3187839121,Animalia,Arthropoda,Insecta,Coleoptera,Coccinellidae,Harmonia,species,2021-03-27T10:41:06+00:00,72154930.jpg,3355
180376244,Egretta thula,29.2920755285,-98.4985098089,Animalia,Chordata,Aves,Pelecaniformes,Ardeidae,Egretta,species,2023-08-25T11:50:00-05:00,180376244.jpg,2560
4724,Anas platyrhynchos,50.9379196167,-1.3623150587,Animalia,Chordata,Aves,Anseriformes,Anatidae,Anas,species,2008-01-16,4724.jpg,403
180374314,Ardea alba,42.6440693938,-86.1902114187,Animalia,Chordata,Aves,Pelecaniformes,Ardeidae,Ardea,species,2023-08-25T17:27:07-04:00,180374314.jpg,639
36084185,Egretta thula,29.6104761767,-94.4491195679,Animalia,Chordata,Aves,Pelecaniformes,Ardeidae,Egretta,species,2019-11-24T23:41:00-06:00,36084185.jpg,2560
9551,Dione vanillae,26.0628664,-80.2331038,Animalia,Arthropoda,Insecta,Lepidoptera,Nymphalidae,Dione,species,2011-01-06,9551.jpg,2391
252515393,Ardea cinerea,45.1736294254,9.1640641632,Animalia,Chordata,Aves,Pelecaniformes,Ardeidae,Ardea,species,2024-11-21T15:07:00+01:00,252515393.jpg,640
108229945,Cyanistes caeruleus,49.4707684205,8.6709888998,Animalia,Chordata,Aves,Passeriformes,Paridae,Cyanistes,species,2022-03-08T15:32:00+01:00,108229945.jpg,2135
36077043,Odocoileus virginianus,30.2124396,-97.8598607,Animalia,Chordata,Mammalia,Artiodactyla,Cervidae,Odocoileus,species,2019-11-10T13:58:00-06:00,36077043.jpg,4987
180369549,Ardea herodias,40.697314,-81.9636286,Animalia,Chordata,Aves,Pelecaniformes,Ardeidae,Ardea,species,2023-08-26T13:24:00-04:00,180369549.jpg,644
36074350,Egretta thula,18.0030143106,-92.9329647003,Animalia,Chordata,Aves,Pelecaniformes,Ardeidae,Egretta,species,2013-12-29T14:45:00+01:00,36074350.jpg,2560
21230,Meleagris gallopavo,37.9905052185,-122.209197998,Animalia,Chordata,Aves,Galliformes,Phasianidae,Meleagris,species,2011-06-12T17:27:39-07:00,21230.jpg,4507
72153140,Dendrocopos major,56.708212,60.772515,Animalia,Chordata,Aves,Piciformes,Picidae,Dendrocopos,species,2021-03-27T09:47:00+05:00,72153140.jpg,2297
108228494,Galanthus nivalis,45.5565069597,10.1883387523,Plantae,Tracheophyta,Liliopsida,Asparagales,Amaryllidaceae,Galanthus,species,2022-03-07T17:13:00Z,108228494.jpg,3081
180375684,Pandion haliaetus,33.5502339832,-117.7071795119,Animalia,Chordata,Aves,Accipitriformes,Pandionidae,Pandion,species,2022-09-29T12:04:00-07:00,180375684.jpg,5239
72160938,Lamium purpureum,45.8012737346,5.7898078954,Plantae,Tracheophyta,Magnoliopsida,Lamiales,Lamiaceae,Lamium,species,2021-03-27T14:24:02+01:00,72160938.jpg,3905
10578,Cygnus olor,53.138906,-4.27838,Animalia,Chordata,Aves,Anseriformes,Anatidae,Cygnus,species,2008-07-11T17:21:00+01:00,10578.jpg,2166
10189,Cathartes aura,33.4513155,-111.9501414,Animalia,Chordata,Aves,Cathartiformes,Cathartidae,Cathartes,species,2007-09-23,10189.jpg,1413
11199,Astur cooperii,38.61366,-122.781766,Animalia,Chordata,Aves,Accipitriformes,Accipitridae,Astur,species,2011-02-10,11199.jpg,811
4755,Larus delawarensis,37.8036766052,-122.2561721802,Animalia,Chordata,Aves,Charadriiformes,Laridae,Larus,species,2010-02-05T13:52:00-08:00,4755.jpg,3943
252525897,Fringilla coelebs,47.2414127732,18.5479805991,Animalia,Chordata,Aves,Passeriformes,Fringillidae,Fringilla,species,2024-06-14T12:29:00+02:00,252525897.jpg,3045
16435,Sequoia sempervirens,37.947063446,-122.5726776123,Plantae,Tracheophyta,Pinopsida,Pinales,Cupressaceae,Sequoia,species,2011-05-06T15:49:15-07:00,16435.jpg,6743
72148846,Pinus sylvestris,59.7938439722,59.970789,Plantae,Tracheophyta,Pinopsida,Pinales,Pinaceae,Pinus,species,2021-03-27T08:39:21+05:00,72148846.jpg,5705
216447303,Sturnus vulgaris,43.6705425,-113.6400503372,Animalia,Chordata,Aves,Passeriformes,Sturnidae,Sturnus,species,2024-05-16T14:55:00-06:00,216447303.jpg,7104
10873,Agelaius phoeniceus,25.7622764159,-80.7686251402,Animalia,Chordata,Aves,Passeriformes,Icteridae,Agelaius,species,2011-01-31,10873.jpg,201
36079996,Melospiza melodia,37.546585239,-77.5099810879,Animalia,Chordata,Aves,Passeriformes,Passerellidae,Melospiza,species,2019-11-25T19:47:56-05:00,36079996.jpg,4535
36080765,Astur cooperii,36.0868934753,-114.9859027234,Animalia,Chordata,Aves,Accipitriformes,Accipitridae,Astur,species,2019-11-25T08:05:00-08:00,36080765.jpg,811
144302785,Cyanistes caeruleus,51.0191220421,-3.1264366896,Animalia,Chordata,Aves,Passeriformes,Paridae,Cyanistes,species,2022-12-13T09:56:00+00:00,144302785.jpg,2135
144298420,Cyanocitta cristata,35.2367234696,-86.7116303463,Animalia,Chordata,Aves,Passeriformes,Corvidae,Cyanocitta,species,2022-12-12T13:16:00-06:00,144298420.jpg,2137
180377007,Sceloporus occidentalis,33.797147,-118.204507,Animalia,Chordata,Reptilia,Squamata,Phrynosomatidae,Sceloporus,species,2023-08-26T08:40:00-07:00,180377007.jpg,6627
14576,Sequoia sempervirens,37.9850921631,-122.5552444458,Plantae,Tracheophyta,Pinopsida,Pinales,Cupressaceae,Sequoia,species,2011-04-16T15:12:55-07:00,14576.jpg,6743
108221024,Sceloporus occidentalis,32.8276416667,-117.0653445,Animalia,Chordata,Reptilia,Squamata,Phrynosomatidae,Sceloporus,species,2022-03-08T12:45:58-08:00,108221024.jpg,6627
14844,Sceloporus occidentalis,37.7123981125,-122.3799705505,Animalia,Chordata,Reptilia,Squamata,Phrynosomatidae,Sceloporus,species,2011-04-17T14:38:01-07:00,14844.jpg,6627
108222936,Branta canadensis,41.9774493711,-87.7390969962,Animalia,Chordata,Aves,Anseriformes,Anatidae,Branta,species,2022-03-08T14:21:00-06:00,108222936.jpg,1071
72158319,Lamium purpureum,37.8101753521,-78.5465464382,Plantae,Tracheophyta,Magnoliopsida,Lamiales,Lamiaceae,Lamium,species,2021-03-27T08:38:47-04:00,72158319.jpg,3905
14963,Sceloporus occidentalis,32.8210555,-117.0622980595,Animalia,Chordata,Reptilia,Squamata,Phrynosomatidae,Sceloporus,species,2011-04-20,14963.jpg,6627
216443194,Apis mellifera,32.9427769997,-83.4199502,Animalia,Arthropoda,Insecta,Hymenoptera,Apidae,Apis,species,2024-05-17T09:35:29-04:00,216443194.jpg,561
216443394,Turdus merula,52.32669,4.854523,Animalia,Chordata,Aves,Passeriformes,Turdidae,Turdus,species,2024-05-15T05:05:00+02:00,216443394.jpg,7617
36086864,Cyanocitta cristata,30.3363243413,-97.8914022446,Animalia,Chordata,Aves,Passeriformes,Corvidae,Cyanocitta,species,2019-10-20T01:55:00-05:00,36086864.jpg,2137
14927,Sequoia sempervirens,36.2398643494,-121.7771530151,Plantae,Tracheophyta,Pinopsida,Pinales,Cupressaceae,Sequoia,species,2011-04-19T11:04:52-07:00,14927.jpg,6743
144298724,Odocoileus virginianus,45.5716449722,-62.620386,Animalia,Chordata,Mammalia,Artiodactyla,Cervidae,Odocoileus,species,2022-12-13T08:44:32-04:00,144298724.jpg,4987
180366645,Danaus plexippus,38.5961099596,-91.9031083834,Animalia,Arthropoda,Insecta,Lepidoptera,Nymphalidae,Danaus,species,2023-08-26T11:10:07-05:00,180366645.jpg,2230
36084028,Agelaius phoeniceus,38.5523977645,-121.6291813036,Animalia,Chordata,Aves,Passeriformes,Icteridae,Agelaius,species,2019-11-25T17:11:00-08:00,36084028.jpg,201
72156443,Ardea alba,53.408867655,83.9542498804,Animalia,Chordata,Aves,Pelecaniformes,Ardeidae,Ardea,species,2021-03-27T17:06:00+14:00,72156443.jpg,639
2223,Corvus corax,36.0299034119,-107.9097595215,Animalia,Chordata,Aves,Passeriformes,Corvidae,Corvus,species,2009-03-19,2223.jpg,1993
216439380,Danaus plexippus,30.6167256753,-81.5105955675,Animalia,Arthropoda,Insecta,Lepidoptera,Nymphalidae,Danaus,species,2024-05-17T13:57:47-04:00,216439380.jpg,2230
216446499,Spatula clypeata,60.7960227215,-135.1798233688,Animalia,Chordata,Aves,Anseriformes,Anatidae,Spatula,species,2024-05-16T09:18:00-07:00,216446499.jpg,6902
180367800,Danaus plexippus,39.353105,-84.517745,Animalia,Arthropoda,Insecta,Lepidoptera,Nymphalidae,Danaus,species,2023-08-25T10:41:07-04:00,180367800.jpg,2230
252517056,Turdus migratorius,35.5469671081,-80.7999740491,Animalia,Chordata,Aves,Passeriformes,Turdidae,Turdus,species,2024-11-21T13:16:50-05:00,252517056.jpg,7618
144298627,Corvus corax,32.8823783333,-111.8451783333,Animalia,Chordata,Aves,Passeriformes,Corvidae,Corvus,species,2022-11-29T15:24:04-07:00,144298627.jpg,1993
36074898,Spatula clypeata,33.7273365221,-96.7748764842,Animalia,Chordata,Aves,Anseriformes,Anatidae,Spatula,species,2019-11-25T00:05:00-06:00,36074898.jpg,6902
72149791,Turdus merula,37.8732816667,-5.6225033333,Animalia,Chordata,Aves,Passeriformes,Turdidae,Turdus,species,2021-03-20T13:31:00+01:00,72149791.jpg,7617
216445312,Cathartes aura,37.2712789188,-76.7156233202,Animalia,Chordata,Aves,Cathartiformes,Cathartidae,Cathartes,species,2024-05-16T14:53:00-04:00,216445312.jpg,1413
10298,Cyanocitta cristata,32.216316,-80.752608,Animalia,Chordata,Aves,Passeriformes,Corvidae,Cyanocitta,species,2007-10-31,10298.jpg,2137
180367888,Dione vanillae,31.5597083333,-91.41108,Animalia,Arthropoda,Insecta,Lepidoptera,Nymphalidae,Dione,species,2023-08-26T10:33:47-05:00,180367888.jpg,2391
36077134,Dione vanillae,29.931725,-95.94068,Animalia,Arthropoda,Insecta,Lepidoptera,Nymphalidae,Dione,species,2019-11-25T15:24:47-06:00,36077134.jpg,2391
216447362,Sceloporus occidentalis,33.9751081978,-118.4121894836,Animalia,Chordata,Reptilia,Squamata,Phrynosomatidae,Sceloporus,species,2024-05-17T14:38:00-07:00,216447362.jpg,6627
72152885,Galanthus nivalis,49.6910956828,18.3437915705,Plantae,Tracheophyta,Liliopsida,Asparagales,Amaryllidaceae,Galanthus,species,2021-03-27T11:21:04+01:00,72152885.jpg,3081
13927,Harmonia axyridis,36.9751639599,-122.0052337646,Animalia,Arthropoda,Insecta,Coleoptera,Coccinellidae,Harmonia,species,2011-04-04,13927.jpg,3355
108224524,Lamium purpureum,35.65141197,139.44514961,Plantae,Tracheophyta,Magnoliopsida,Lamiales,Lamiaceae,Lamium,species,2022-03-09T15:23:38+09:00,108224524.jpg,3905
108222018,Pica pica,53.3636066062,83.6314868999,Animalia,Chordata,Aves,Passeriformes,Corvidae,Pica,species,2022-03-09T09:33:00+07:00,108222018.jpg,5650
72162091,Lamium purpureum,44.643085,15.3636133333,Plantae,Tracheophyta,Magnoliopsida,Lamiales,Lamiaceae,Lamium,species,2021-03-25T12:47:00+01:00,72162091.jpg,3905
36077195,Passer domesticus,31.5455001,-110.2772856,Animalia,Chordata,Aves,Passeriformes,Passeridae,Passer,species,2016-09-26,36077195.jpg,5347
9564,Corvus brachyrhynchos,37.8052811926,-122.4551582336,Animalia,Chordata,Aves,Passeriformes,Corvidae,Corvus,species,2010-12-26,9564.jpg,1992
6440,Turdus migratorius,36.799911499,-76.0916290283,Animalia,Chordata,Aves,Passeriformes,Turdidae,Turdus,species,2010-04-08,6440.jpg,7618
36076418,Sitta carolinensis,42.2809116667,-81.8430916667,Animalia,Chordata,Aves,Passeriformes,Sittidae,Sitta,species,2019-11-24T13:22:00-05:00,36076418.jpg,6836
36080885,Turdus migratorius,38.9175509,-77.279589,Animalia,Chordata,Aves,Passeriformes,Turdidae,Turdus,species,2019-11-25T12:16:00-05:00,36080885.jpg,7618
10313,Danaus plexippus,21.2794972994,-157.7566766739,Animalia,Arthropoda,Insecta,Lepidoptera,Nymphalidae,Danaus,species,2011-01-22,10313.jpg,2230
216441894,Spatula clypeata,57.5916401957,-152.4444165703,Animalia,Chordata,Aves,Anseriformes,Anatidae,Spatula,species,2024-04-21T19:38:00-08:00,216441894.jpg,6902
180365333,Astur cooperii,32.4612159437,-93.6479614389,Animalia,Chordata,Aves,Accipitriformes,Accipitridae,Astur,species,2023-08-26T18:55:14-05:00,180365333.jpg,811
108219912,Haliaeetus leucocephalus,54.2455619723,-129.5114204964,Animalia,Chordata,Aves,Accipitriformes,Accipitridae,Haliaeetus,species,2022-03-05T09:26:00-08:00,108219912.jpg,3327
12125,Mareca strepera,50.886216,-1.281806,Animalia,Chordata,Aves,Anseriformes,Anatidae,Mareca,species,2011-02-19T18:27:00+00:00,12125.jpg,4415
36074846,Cathartes aura,33.7337323117,-96.7736707118,Animalia,Chordata,Aves,Cathartiformes,Cathartidae,Cathartes,species,2019-11-24T23:31:00-06:00,36074846.jpg,1413
216440740,Haliaeetus leucocephalus,39.7944999866,-74.7383194524,Animalia,Chordata,Aves,Accipitriformes,Accipitridae,Haliaeetus,species,2024-05-15T16:54:00-04:00,216440740.jpg,3327
36077336,Dione vanillae,-34.6442536574,-58.4824325365,Animalia,Arthropoda,Insecta,Lepidoptera,Nymphalidae,Dione,species,2019-11-25T18:15:00-03:00,36077336.jpg,2391
144302576,Streptopelia decaocto,32.8810779547,-111.8449646545,Animalia,Chordata,Aves,Columbiformes,Columbidae,Streptopelia,species,2022-12-13T09:27:26-07:00,144302576.jpg,7075
72150020,Passer domesticus,30.272747633,-98.868743077,Animalia,Chordata,Aves,Passeriformes,Passeridae,Passer,species,2021-03-26T15:32:00-05:00,72150020.jpg,5347
252526144,Corvus brachyrhynchos,47.7110473813,-122.3729956321,Animalia,Chordata,Aves,Passeriformes,Corvidae,Corvus,species,2024-11-21T09:52:00-08:00,252526144.jpg,1992
72160807,Meleagris gallopavo,29.5459166667,-82.3654783333,Animalia,Chordata,Aves,Galliformes,Phasianidae,Meleagris,species,2021-03-27T09:14:02-04:00,72160807.jpg,4507
144301315,Ardea cinerea,44.819588,7.2089893,Animalia,Chordata,Aves,Pelecaniformes,Ardeidae,Ardea,species,2022-12-13T10:29:00+01:00,144301315.jpg,640
10497,Ardea cinerea,51.526383,-0.1543138,Animalia,Chordata,Aves,Pelecaniformes,Ardeidae,Ardea,species,2010-05-28,10497.jpg,640
108223407,Larus delawarensis,41.9317380666,-87.6829289209,Animalia,Chordata,Aves,Charadriiformes,Laridae,Larus,species,2022-03-07T15:35:00-06:00,108223407.jpg,3943
21158,Meleagris gallopavo,41.0229804704,-96.2535810471,Animalia,Chordata,Aves,Galliformes,Phasianidae,Meleagris,species,2011-06-12,21158.jpg,4507
216443863,Sceloporus occidentalis,34.2933166667,-118.5549916667,Animalia,Chordata,Reptilia,Squamata,Phrynosomatidae,Sceloporus,species,2024-05-17T18:43:09-07:00,216443863.jpg,6627
5556,Cathartes aura,37.862651825,-122.426902771,Animalia,Chordata,Aves,Cathartiformes,Cathartidae,Cathartes,species,2002-07-04,5556.jpg,1413
216440227,Anas platyrhynchos,55.4828866715,60.2082612365,Animalia,Chordata,Aves,Anseriformes,Anatidae,Anas,species,2024-05-18T05:35:10+05:00,216440227.jpg,403
108219926,Poecile atricapillus,44.6936467,-77.2333929,Animalia,Chordata,Aves,Passeriformes,Paridae,Poecile,species,2022-03-08T12:33:00-05:00,108219926.jpg,5845
216445803,Pandion haliaetus,39.3919603299,-74.7512164338,Animalia,Chordata,Aves,Accipitriformes,Pandionidae,Pandion,species,2024-05-15T17:37:00-04:00,216445803.jpg,5239
144307792,Fringilla coelebs,58.7363317704,49.4700218405,Animalia,Chordata,Aves,Passeriformes,Fringillidae,Fringilla,species,2022-12-13T12:25:00+03:00,144307792.jpg,3045
216440845,Astur cooperii,45.7830643401,-118.1184819733,Animalia,Chordata,Aves,Accipitriformes,Accipitridae,Astur,species,2024-05-06T17:54:00-07:00,216440845.jpg,811
108224289,Spatula clypeata,51.5575152761,0.0201122663,Animalia,Chordata,Aves,Anseriformes,Anatidae,Spatula,species,2022-03-06T11:20:26Z,108224289.jpg,6902
22400,Poecile atricapillus,41.4862740944,-71.2510344386,Animalia,Chordata,Aves,Passeriformes,Paridae,Poecile,species,2011-01-31,22400.jpg,5845
36074835,Anas platyrhynchos,33.741791391,-96.7544326403,Animalia,Chordata,Aves,Anseriformes,Anatidae,Anas,species,2019-11-24T23:16:00-06:00,36074835.jpg,403
14557,Sequoia sempervirens,38.00548172,-122.6395111084,Plantae,Tracheophyta,Pinopsida,Pinales,Cupressaceae,Sequoia,species,2011-04-16T13:51:51-07:00,14557.jpg,6743
36074216,Apis mellifera,-17.5406277717,-149.8267445143,Animalia,Arthropoda,Insecta,Hymenoptera,Apidae,Apis,species,2019-11-22T02:49:00-06:00,36074216.jpg,561
36086696,Quiscalus mexicanus,16.4328570457,-85.9063972221,Animalia,Chordata,Aves,Passeriformes,Icteridae,Quiscalus,species,2019-11-16T10:06:00-05:00,36086696.jpg,6274
36084439,Larus delawarensis,29.5494116915,-94.388628892,Animalia,Chordata,Aves,Charadriiformes,Laridae,Larus,species,2019-11-25T01:56:00-06:00,36084439.jpg,3943
108224476,Egretta thula,39.3251341223,-121.8390405553,Animalia,Chordata,Aves,Pelecaniformes,Ardeidae,Egretta,species,2022-03-08T09:50:00-08:00,108224476.jpg,2560
108224272,Buteo jamaicensis,34.0328073629,-118.0745293081,Animalia,Chordata,Aves,Accipitriformes,Accipitridae,Buteo,species,2022-02-02T09:59:00Z,108224272.jpg,1144
36076672,Sitta carolinensis,30.68183,-104.1459683333,Animalia,Chordata,Aves,Passeriformes,Sittidae,Sitta,species,2019-11-17T16:33:00-06:00,36076672.jpg,6836
108223713,Sitta carolinensis,44.9388028489,-93.2217779458,Animalia,Chordata,Aves,Passeriformes,Sittidae,Sitta,species,2022-03-04T10:24:00-06:00,108223713.jpg,6836
108221305,Agelaius phoeniceus,41.5650310411,-87.6246053374,Animalia,Chordata,Aves,Passeriformes,Icteridae,Agelaius,species,2022-03-08T15:40:00-06:00,108221305.jpg,201
144298331,Apis mellifera,-0.0385039722,-51.094503,Animalia,Arthropoda,Insecta,Hymenoptera,Apidae,Apis,species,2022-11-28T11:56:57-03:00,144298331.jpg,561
144303594,Ardea cinerea,49.0928376168,8.5386440436,Animalia,Chordata,Aves,Pelecaniformes,Ardeidae,Ardea,species,2022-12-12T14:58:00+01:00,144303594.jpg,640
108219730,Parus major,59.3957342288,48.9556857883,Animalia,Chordata,Aves,Passeriformes,Paridae,Parus,species,2022-03-08T10:29:00+03:00,108219730.jpg,5344
108221571,Galanthus nivalis,40.7121966667,-73.75663,Plantae,Tracheophyta,Liliopsida,Asparagales,Amaryllidaceae,Galanthus,species,2022-03-08T16:21:36-05:00,108221571.jpg,3081
108221316,Melospiza melodia,41.403447022,-87.6829913531,Animalia,Chordata,Aves,Passeriformes,Passerellidae,Melospiza,species,2022-03-08T15:40:00-06:00,108221316.jpg,4535
144301779,Dendrocopos major,56.4440070147,84.9764317279,Animalia,Chordata,Aves,Piciformes,Picidae,Dendrocopos,species,2022-12-13T10:39:00+07:00,144301779.jpg,2297
144299954,Melospiza melodia,41.7610697267,-70.0900235426,Animalia,Chordata,Aves,Passeriformes,Passerellidae,Melospiza,species,2022-12-13T08:07:00-05:00,144299954.jpg,4535
216438614,Agelaius phoeniceus,43.1927383333,-77.5127716667,Animalia,Chordata,Aves,Passeriformes,Icteridae,Agelaius,species,2024-05-17T09:08:10-04:00,216438614.jpg,201
12835,Larus delawarensis,26.0596391,-80.1137074,Animalia,Chordata,Aves,Charadriiformes,Laridae,Larus,species,2011-03-13,12835.jpg,3943
144303621,Turdus merula,52.2232916651,0.1694159937,Animalia,Chordata,Aves,Passeriformes,Turdidae,Turdus,species,2022-12-13T14:31:00+00:00,144303621.jpg,7617
17941,Sceloporus occidentalis,37.8166999817,-122.0418395996,Animalia,Chordata,Reptilia,Squamata,Phrynosomatidae,Sceloporus,species,2011-05-22T14:26:22-07:00,17941.jpg,6627
108224121,Sturnus vulgaris,42.9781977853,-78.9329367131,Animalia,Chordata,Aves,Passeriformes,Sturnidae,Sturnus,species,2022-03-08T18:10:00Z,108224121.jpg,7104
108219834,Pica pica,59.3957342288,48.9556857883,Animalia,Chordata,Aves,Passeriformes,Corvidae,Pica,species,2022-03-08T11:14:00+03:00,108219834.jpg,5650
17875,Dryobates pubescens,37.9776535034,-122.5801467896,Animalia,Chordata,Aves,Piciformes,Picidae,Dryobates,species,2011-05-22T10:54:22-07:00,17875.jpg,2492
9956,Pisaster ochraceus,59.778539,-149.511108,Animalia,Echinodermata,Asteroidea,Forcipulatida,Asteriidae,Pisaster,species,2010-07-18,9956.jpg,5719
108220696,Sturnus vulgaris,49.6696862184,-124.9113371596,Animalia,Chordata,Aves,Passeriformes,Sturnidae,Sturnus,species,2022-03-09T00:17:00Z,108220696.jpg,7104
36081570,Quiscalus mexicanus,31.84058833,-106.57906333,Animalia,Chordata,Aves,Passeriformes,Icteridae,Quiscalus,species,2019-11-25T16:23:49-07:00,36081570.jpg,6274
36078042,Egretta thula,30.2689694444,-97.7694861111,Animalia,Chordata,Aves,Pelecaniformes,Ardeidae,Egretta,species,2019-10-10T13:32:00-05:00,36078042.jpg,2560
72159685,Lamium purpureum,49.770037914,11.4155260225,Plantae,Tracheophyta,Magnoliopsida,Lamiales,Lamiaceae,Lamium,species,2019-04-04T15:17:00+02:00,72159685.jpg,3905
252525104,Corvus corax,40.8142042208,-3.860946351,Animalia,Chordata,Aves,Passeriformes,Corvidae,Corvus,species,2024-11-19T12:18:00+01:00,252525104.jpg,1993
216452512,Mareca strepera,52.0549703257,-109.1893392398,Animalia,Chordata,Aves,Anseriformes,Anatidae,Mareca,species,2024-05-17T19:55:35-06:00,216452512.jpg,4415
108228830,Ardea cinerea,32.4814110657,35.541005777,Animalia,Chordata,Aves,Pelecaniformes,Ardeidae,Ardea,species,2022-03-08T11:00:00+02:00,108228830.jpg,640
252523518,Quiscalus mexicanus,13.6664817869,-89.2561078448,Animalia,Chordata,Aves,Passeriformes,Icteridae,Quiscalus,species,2024-11-21T13:34:11-06:00,252523518.jpg,6274
144296035,Parus major,59.9789802149,30.2949064461,Animalia,Chordata,Aves,Passeriformes,Paridae,Parus,species,2022-12-13T12:37:00+03:00,144296035.jpg,5344
3339,Dione vanillae,26.0793533325,-80.2779159546,Animalia,Arthropoda,Insecta,Lepidoptera,Nymphalidae,Dione,species,2009-09-13,3339.jpg,2391
180368578,Cyanocitta cristata,44.0049472874,-77.7322354927,Animalia,Chordata,Aves,Passeriformes,Corvidae,Cyanocitta,species,2023-08-20T14:26:00-04:00,180368578.jpg,2137
72155768,Fringilla coelebs,48.8643702322,2.6081652458,Animalia,Chordata,Aves,Passeriformes,Fringillidae,Fringilla,species,2021-03-27T08:35:00Z,72155768.jpg,3045
216448601,Pandion haliaetus,41.0737247,-74.8346296,Animalia,Chordata,Aves,Accipitriformes,Pandionidae,Pandion,species,2024-05-17T07:31:00-04:00,216448601.jpg,5239
36080374,Sturnus vulgaris,48.8087254321,-122.6375089648,Animalia,Chordata,Aves,Passeriformes,Sturnidae,Sturnus,species,2019-11-25T16:21:00-08:00,36080374.jpg,7104
36075425,Corvus corax,39.4328374019,-123.8151988731,Animalia,Chordata,Aves,Passeriformes,Corvidae,Corvus,species,2019-10-23T19:24:00-04:00,36075425.jpg,1993
36073787,Anas platyrhynchos,42.2561166667,-81.875505,Animalia,Chordata,Aves,Anseriformes,Anatidae,Anas,species,2019-11-24T15:10:00-05:00,36073787.jpg,403
216443400,Pica pica,52.32669,4.854523,Animalia,Chordata,Aves,Passeriformes,Corvidae,Pica,species,2024-05-15T14:10:00+02:00,216443400.jpg,5650
17043,Agelaius phoeniceus,37.805172,-122.458072,Animalia,Chordata,Aves,Passeriformes,Icteridae,Agelaius,species,2008-04-11T15:47:00-07:00,17043.jpg,201
252526409,Haliaeetus leucocephalus,31.2627387106,-94.6147479419,Animalia,Chordata,Aves,Accipitriformes,Accipitridae,Haliaeetus,species,2024-11-21,252526409.jpg,3327
72148150,Pinus sylvestris,59.797269,59.959082,Plantae,Tracheophyta,Pinopsida,Pinales,Pinaceae,Pinus,species,2021-03-27T09:25:54+05:00,72148150.jpg,5705
252519510,Melospiza melodia,40.7278828827,-82.6483697949,Animalia,Chordata,Aves,Passeriformes,Passerellidae,Melospiza,species,2024-11-21T14:31:00-05:00,252519510.jpg,4535
144295927,Turdus merula,59.9757593625,30.2807443825,Animalia,Chordata,Aves,Passeriformes,Turdidae,Turdus,species,2022-12-13T11:34:00+03:00,144295927.jpg,7617
36075979,Spinus tristis,45.55397,-78.59676,Animalia,Chordata,Aves,Passeriformes,Fringillidae,Spinus,species,2019-11-23T10:04:00-05:00,36075979.jpg,6955
72156022,Pica pica,49.5896744,11.0119611,Animalia,Chordata,Aves,Passeriformes,Corvidae,Pica,species,2021-03-26T12:19:00+01:00,72156022.jpg,5650
108222345,Larus delawarensis,39.0199083333,-84.1340611111,Animalia,Chordata,Aves,Charadriiformes,Laridae,Larus,species,2022-02-01T17:12:17-05:00,108222345.jpg,3943
36087637,Corvus brachyrhynchos,47.6511153615,-122.314529455,Animalia,Chordata,Aves,Passeriformes,Corvidae,Corvus,species,2019-11-22T10:44:00-08:00,36087637.jpg,1992
108225146,Dryobates pubescens,38.5234340383,-121.7849740147,Animalia,Chordata,Aves,Piciformes,Picidae,Dryobates,species,2022-03-08T16:50:00-08:00,108225146.jpg,2492
72154612,Corvus cornix,38.4084883333,27.0076527833,Animalia,Chordata,Aves,Passeriformes,Corvidae,Corvus,species,2021-03-27T13:19:10+03:00,72154612.jpg,1994
36081416,Mareca strepera,42.3218116667,-81.8477816667,Animalia,Chordata,Aves,Anseriformes,Anatidae,Mareca,species,2019-11-21T13:19:00-05:00,36081416.jpg,4415
180369991,Odocoileus virginianus,48.3405033333,-114.17347,Animalia,Chordata,Mammalia,Artiodactyla,Cervidae,Odocoileus,species,2023-08-26T19:08:54-06:00,180369991.jpg,4987
252512242,Passer domesticus,41.25435,-96.24547,Animalia,Chordata,Aves,Passeriformes,Passeridae,Passer,species,2024-11-21T11:19:39-06:00,252512242.jpg,5347
216450811,Cygnus olor,60.0733617639,29.9563449249,Animalia,Chordata,Aves,Anseriformes,Anatidae,Cygnus,species,2024-05-16T14:40:17+03:00,216450811.jpg,2166
15980,Sequoia sempervirens,37.8973121643,-122.5330200195,Plantae,Tracheophyta,Pinopsida,Pinales,Cupressaceae,Sequoia,species,2011-05-01T16:05:55-07:00,15980.jpg,6743
10320,Passer domesticus,-36.8484597,174.7633315,Animalia,Chordata,Aves,Passeriformes,Passeridae,Passer,species,2007-06-08,10320.jpg,5347
108229999,Turdus merula,49.2650595119,8.5142120832,Animalia,Chordata,Aves,Passeriformes,Turdidae,Turdus,species,2022-03-01T13:34:00+01:00,108229999.jpg,7617
36075351,Streptopelia decaocto,30.5784005655,-87.8271726689,Animalia,Chordata,Aves,Columbiformes,Columbidae,Streptopelia,species,2019-11-25T15:16:06-06:00,36075351.jpg,7075
108230801,Galanthus nivalis,50.9759891543,12.5446774633,Plantae,Tracheophyta,Liliopsida,Asparagales,Amaryllidaceae,Galanthus,species,2022-03-09T11:44:53+01:00,108230801.jpg,3081
36087067,Quiscalus mexicanus,29.5619428013,-98.0340566293,Animalia,Chordata,Aves,Passeriformes,Icteridae,Quiscalus,species,2019-11-02T14:17:00-05:00,36087067.jpg,6274
36081192,Danaus plexippus,29.935594415,-95.4905081554,Animalia,Arthropoda,Insecta,Lepidoptera,Nymphalidae,Danaus,species,2019-11-25T12:40:59-06:00,36081192.jpg,2230
72150778,Meleagris gallopavo,32.9773885912,-116.576171026,Animalia,Chordata,Aves,Galliformes,Phasianidae,Meleagris,species,2021-03-26T15:58:51-07:00,72150778.jpg,4507
10479,Turdus merula,51.526265,-0.148015,Animalia,Chordata,Aves,Passeriformes,Turdidae,Turdus,species,2010-05-28,10479.jpg,7617
216446530,Meleagris gallopavo,37.987863087,-121.9456619738,Animalia,Chordata,Aves,Galliformes,Phasianidae,Meleagris,species,2024-05-17T14:53:50-07:00,216446530.jpg,4507
252514872,Odocoileus virginianus,50.321598,-115.861237,Animalia,Chordata,Mammalia,Artiodactyla,Cervidae,Odocoileus,species,2024-06-08T22:10:00-06:00,252514872.jpg,4987
72150424,Ardea cinerea,57.8120980235,24.3457319326,Animalia,Chordata,Aves,Pelecaniformes,Ardeidae,Ardea,species,2021-01-29T14:37:00+03:00,72150424.jpg,640
72163382,Cygnus olor,43.6566543638,7.1874980923,Animalia,Chordata,Aves,Anseriformes,Anatidae,Cygnus,species,2021-03-27T10:56:00-10:00,72163382.jpg,2166
108233547,Corvus brachyrhynchos,45.6929679035,-74.9644175248,Animalia,Chordata,Aves,Passeriformes,Corvidae,Corvus,species,2022-03-08T11:18:00-05:00,108233547.jpg,1992
36078942,Branta canadensis,45.3864402932,-75.6857202443,Animalia,Chordata,Aves,Anseriformes,Anatidae,Branta,species,2019-11-25T12:24:00-05:00,36078942.jpg,1071
216445026,Buteo jamaicensis,41.3874904507,-87.4741318403,Animalia,Chordata,Aves,Accipitriformes,Accipitridae,Buteo,species,2021-06-20T17:22:00-05:00,216445026.jpg,1144
180375015,Meleagris gallopavo,40.5971616667,-73.9299383333,Animalia,Chordata,Aves,Galliformes,Phasianidae,Meleagris,species,2023-08-26T16:33:44-04:00,180375015.jpg,4507
216445127,Melospiza melodia,45.4399195373,-122.8275664272,Animalia,Chordata,Aves,Passeriformes,Passerellidae,Melospiza,species,2023-10-04T16:34:00-07:00,216445127.jpg,4535
252516919,Corvus brachyrhynchos,46.2336844578,-64.5185057446,Animalia,Chordata,Aves,Passeriformes,Corvidae,Corvus,species,2024-11-21T12:56:14-04:00,252516919.jpg,1992
252518128,Sceloporus occidentalis,34.2918525997,-119.2271192997,Animalia,Chordata,Reptilia,Squamata,Phrynosomatidae,Sceloporus,species,2024-10-03T11:25:49-07:00,252518128.jpg,6627
72162406,Lamium purpureum,39.0807976685,-76.5738715468,Plantae,Tracheophyta,Magnoliopsida,Lamiales,Lamiaceae,Lamium,species,2021-03-27T09:43:43-04:00,72162406.jpg,3905
108221309,Haliaeetus leucocephalus,41.4266928069,-87.6523664499,Animalia,Chordata,Aves,Accipitriformes,Accipitridae,Haliaeetus,species,2022-03-08T15:40:00-06:00,108221309.jpg,3327
10844,Pandion haliaetus,25.1414676961,-80.9238874912,Animalia,Chordata,Aves,Accipitriformes,Pandionidae,Pandion,species,2011-01-30,10844.jpg,5239
108220112,Sceloporus occidentalis,34.0593861667,-118.8793716667,Animalia,Chordata,Reptilia,Squamata,Phrynosomatidae,Sceloporus,species,2022-03-08T15:53:15-08:00,108220112.jpg,6627
144293546,Odocoileus virginianus,44.8964504989,-76.0961197665,Animalia,Chordata,Mammalia,Artiodactyla,Cervidae,Odocoileus,species,2022-07-16T19:24:02-04:00,144293546.jpg,4987
36074479,Ardea cinerea,8.0620274171,79.9627366662,Animalia,Chordata,Aves,Pelecaniformes,Ardeidae,Ardea,species,2019-08-25T10:53:57+03:00,36074479.jpg,640
72148389,Apis mellifera,-35.0086798967,138.6550755722,Animalia,Arthropoda,Insecta,Hymenoptera,Apidae,Apis,species,2021-03-24T16:20:00Z,72148389.jpg,561
216440852,Agelaius phoeniceus,45.6015831088,-117.5533524965,Animalia,Chordata,Aves,Passeriformes,Icteridae,Agelaius,species,2024-05-07T09:12:00-07:00,216440852.jpg,201
180366179,Buteo jamaicensis,33.8859368984,-118.3360186184,Animalia,Chordata,Aves,Accipitriformes,Accipitridae,Buteo,species,2023-08-23T17:59:00-07:00,180366179.jpg,1144
216447639,Cygnus olor,51.3748325101,-2.9116931185,Animalia,Chordata,Aves,Anseriformes,Anatidae,Cygnus,species,2022-10-12T09:31:00+01:00,216447639.jpg,2166
180366156,Danaus plexippus,43.2501281816,-81.8632770366,Animalia,Arthropoda,Insecta,Lepidoptera,Nymphalidae,Danaus,species,2007-07-12T16:25:00-04:00,180366156.jpg,2230
72149231,Lamium purpureum,52.7999992371,-1.2599999905,Plantae,Tracheophyta,Magnoliopsida,Lamiales,Lamiaceae,Lamium,species,2021-03-27T07:58:02+00:00,72149231.jpg,3905
36077202,Zonotrichia leucophrys,31.5455001,-110.2772856,Animalia,Chordata,Aves,Passeriformes,Passerellidae,Zonotrichia,species,2016-10-02,36077202.jpg,7978
12228,Haliaeetus leucocephalus,43.8180770874,-124.1614379883,Animalia,Chordata,Aves,Accipitriformes,Accipitridae,Haliaeetus,species,2011-03-05T11:03:49-08:00,12228.jpg,3327
36075982,Spinus tristis,45.55397,-78.59676,Animalia,Chordata,Aves,Passeriformes,Fringillidae,Spinus,species,2019-11-23T10:04:00-05:00,36075982.jpg,6955
180370110,Odocoileus virginianus,32.0790721667,-81.286255,Animalia,Chordata,Mammalia,Artiodactyla,Cervidae,Odocoileus,species,2023-08-26T19:55:36-04:00,180370110.jpg,4987
72156347,Pandion haliaetus,33.3190719205,126.1885201555,Animalia,Chordata,Aves,Accipitriformes,Pandionidae,Pandion,species,2021-01-01T16:12:00+09:00,72156347.jpg,5239
36074879,Branta canadensis,33.7335045992,-96.7801324316,Animalia,Chordata,Aves,Anseriformes,Anatidae,Branta,species,2019-11-24T23:50:00-06:00,36074879.jpg,1071
216440876,Turdus migratorius,49.2021246355,-122.0137862122,Animalia,Chordata,Aves,Passeriformes,Turdidae,Turdus,species,2024-05-17T16:39:00-07:00,216440876.jpg,7618
72151195,Pica pica,59.3834320306,48.9681729325,Animalia,Chordata,Aves,Passeriformes,Corvidae,Pica,species,2021-03-27T07:05:00Z,72151195.jpg,5650
14068,Lamium purpureum,38.5665818344,-122.7330672741,Plantae,Tracheophyta,Magnoliopsida,Lamiales,Lamiaceae,Lamium,species,2011-04-04,14068.jpg,3905
36080811,Melospiza melodia,38.9318575279,-77.3502426187,Animalia,Chordata,Aves,Passeriformes,Passerellidae,Melospiza,species,2019-11-25T12:40:00-05:00,36080811.jpg,4535
216446710,Spatula clypeata,45.4570920861,-122.790339774,Animalia,Chordata,Aves,Anseriformes,Anatidae,Spatula,species,2023-10-19T16:30:00-07:00,216446710.jpg,6902
216445808,Cathartes aura,39.2935473398,-74.7527181852,Animalia,Chordata,Aves,Cathartiformes,Cathartidae,Cathartes,species,2024-05-15T17:45:00-04:00,216445808.jpg,1413
144299419,Fringilla coelebs,44.6759255897,34.4192724629,Animalia,Chordata,Aves,Passeriformes,Fringillidae,Fringilla,species,2022-12-13T16:03:00+03:00,144299419.jpg,3045
13711,Sceloporus occidentalis,38.6118808276,-122.7835679054,Animalia,Chordata,Reptilia,Squamata,Phrynosomatidae,Sceloporus,species,2011-04-02,13711.jpg,6627
108223702,Poecile atricapillus,44.9388028489,-93.2217779458,Animalia,Chordata,Aves,Passeriformes,Paridae,Poecile,species,2022-03-05T12:25:00-06:00,108223702.jpg,5845
144299375,Agelaius phoeniceus,32.3469838,-111.09436121,Animalia,Chordata,Aves,Passeriformes,Icteridae,Agelaius,species,2022-12-13T08:23:06-07:00,144299375.jpg,201
4728,Parus major,50.8689727783,-0.5384150147,Animalia,Chordata,Aves,Passeriformes,Paridae,Parus,species,2008-07-15T14:00:00+01:00,4728.jpg,5344
108219754,Corvus brachyrhynchos,37.88448,-122.289695,Animalia,Chordata,Aves,Passeriformes,Corvidae,Corvus,species,2022-03-06T08:43:42-08:00,108219754.jpg,1992
8291,Passer domesticus,44.0581741333,-121.3153076172,Animalia,Chordata,Aves,Passeriformes,Passeridae,Passer,species,2010-06-28,8291.jpg,5347
72154225,Galanthus nivalis,59.2363869061,18.3018821114,Plantae,Tracheophyta,Liliopsida,Asparagales,Amaryllidaceae,Galanthus,species,2021-03-27T11:58:30+01:00,72154225.jpg,3081
36087113,Larus delawarensis,34.25861,-116.882091,Animalia,Chordata,Aves,Charadriiformes,Laridae,Larus,species,2019-11-25T11:51:00-08:00,36087113.jpg,3943
18561,Sequoia sempervirens,37.8980979919,-122.572807312,Plantae,Tracheophyta,Pinopsida,Pinales,Cupressaceae,Sequoia,species,2011-05-27T10:57:59-07:00,18561.jpg,6743
72148194,Pinus sylvestris,59.797766,59.955285,Plantae,Tracheophyta,Pinopsida,Pinales,Pinaceae,Pinus,species,2021-03-27T09:19:34+05:00,72148194.jpg,5705
72155874,Pica pica,56.8443557799,53.1868755616,Animalia,Chordata,Aves,Passeriformes,Corvidae,Pica,species,2021-03-20T09:09:00+04:00,72155874.jpg,5650
180370802,Ardea herodias,35.5136561149,-120.6708815654,Animalia,Chordata,Aves,Pelecaniformes,Ardeidae,Ardea,species,2023-08-26T16:34:00-07:00,180370802.jpg,644
72147110,Odocoileus virginianus,30.4908621445,-98.6667877636,Animalia,Chordata,Mammalia,Artiodactyla,Cervidae,Odocoileus,species,2021-03-26T17:18:00-05:00,72147110.jpg,4987
8729,Dendrocopos major,50.8253898621,-1.8286219835,Animalia,Chordata,Aves,Piciformes,Picidae,Dendrocopos,species,2010-08-07T12:09:00+01:00,8729.jpg,2297
252520885,Sturnus vulgaris,45.5240364938,-122.9143995672,Animalia,Chordata,Aves,Passeriformes,Sturnidae,Sturnus,species,2024-11-21T10:53:52-08:00,252520885.jpg,7104
108231623,Corvus cornix,51.2806921,37.8360931,Animalia,Chordata,Aves,Passeriformes,Corvidae,Corvus,species,2022-02-20T12:09:00+03:00,108231623.jpg,1994
36078241,Odocoileus virginianus,33.0625901667,-96.9891833333,Animalia,Chordata,Mammalia,Artiodactyla,Cervidae,Odocoileus,species,2019-11-25T13:44:30-06:00,36078241.jpg,4987
36081012,Harmonia axyridis,36.1054627084,-86.8660004717,Animalia,Arthropoda,Insecta,Coleoptera,Coccinellidae,Harmonia,species,2019-10-29T13:24:55Z,36081012.jpg,3355
14562,Sequoia sempervirens,38.0074958801,-122.6317749023,Plantae,Tracheophyta,Pinopsida,Pinales,Cupressaceae,Sequoia,species,2011-04-16T14:07:54-07:00,14562.jpg,6743
180365589,Danaus plexippus,40.2090612737,-74.9316983228,Animalia,Arthropoda,Insecta,Lepidoptera,Nymphalidae,Danaus,species,2023-08-26T11:19:00-04:00,180365589.jpg,2230
15281,Lamium purpureum,40.7531333381,-73.8495504856,Plantae,Tracheophyta,Magnoliopsida,Lamiales,Lamiaceae,Lamium,species,2011-04-23,15281.jpg,3905
12775,Meleagris gallopavo,37.842918396,-122.1947937012,Animalia,Chordata,Aves,Galliformes,Phasianidae,Meleagris,species,2011-03-13T09:28:59-07:00,12775.jpg,4507
216440143,Pisaster ochraceus,43.1074129165,-124.4368633221,Animalia,Echinodermata,Asteroidea,Forcipulatida,Asteriidae,Pisaster,species,2024-05-10T09:29:00-07:00,216440143.jpg,5719
108220892,Buteo jamaicensis,43.2650866667,-118.844095,Animalia,Chordata,Aves,Accipitriformes,Accipitridae,Buteo,species,2022-03-08T07:51:00-08:00,108220892.jpg,1144
216440146,Pisaster ochraceus,43.1074129165,-124.4368633221,Animalia,Echinodermata,Asteroidea,Forcipulatida,Asteriidae,Pisaster,species,2024-05-10T09:30:00-07:00,216440146.jpg,5719
108225915,Ardea cinerea,50.9412391164,10.0109431804,Animalia,Chordata,Aves,Pelecaniformes,Ardeidae,Ardea,species,2022-03-06T11:29:00+01:00,108225915.jpg,640
36078690,Larus delawarensis,38.91290023,-76.9432797428,Animalia,Chordata,Aves,Charadriiformes,Laridae,Larus,species,2019-11-25T14:50:00-10:00,36078690.jpg,3943
36075592,Anas platyrhynchos,55.831181619,37.6054358977,Animalia,Chordata,Aves,Anseriformes,Anatidae,Anas,species,2019-11-21T11:28:00+03:00,36075592.jpg,403
8908,Corvus corax,38.1642570496,-122.9376983643,Animalia,Chordata,Aves,Passeriformes,Corvidae,Corvus,species,2010-11-13,8908.jpg,1993
36075615,Anas platyrhynchos,55.8343347932,37.6095350322,Animalia,Chordata,Aves,Anseriformes,Anatidae,Anas,species,2019-11-21T11:38:00+03:00,36075615.jpg,403
14999,Pisaster ochraceus,38.0104331295,-123.0077362061,Animalia,Echinodermata,Asteroidea,Forcipulatida,Asteriidae,Pisaster,species,2005-11-30,14999.jpg,5719
108222087,Parus major,53.364805981,83.658596466,Animalia,Chordata,Aves,Passeriformes,Paridae,Parus,species,2022-03-09T10:13:00+07:00,108222087.jpg,5344
180366125,Cyanocitta cristata,43.2407453833,-81.8836737303,Animalia,Chordata,Aves,Passeriformes,Corvidae,Cyanocitta,species,2007-07-11T12:44:00-04:00,180366125.jpg,2137
36074833,Spatula clypeata,33.7413975665,-96.7525749498,Animalia,Chordata,Aves,Anseriformes,Anatidae,Spatula,species,2019-11-24T23:16:00-06:00,36074833.jpg,6902
36084161,Spatula clypeata,29.6104761767,-94.4491195679,Animalia,Chordata,Aves,Anseriformes,Anatidae,Spatula,species,2019-11-24T21:50:00-06:00,36084161.jpg,6902
108229407,Cygnus olor,47.0051559101,6.9674230061,Animalia,Chordata,Aves,Anseriformes,Anatidae,Cygnus,species,2022-03-09T10:45:00+01:00,108229407.jpg,2166
144299005,Ardea herodias,38.935112223,-77.5885079967,Animalia,Chordata,Aves,Pelecaniformes,Ardeidae,Ardea,species,2022-12-11T14:52:06-05:00,144299005.jpg,644
18692,Sequoia sempervirens,37.8980636597,-122.5755462646,Plantae,Tracheophyta,Pinopsida,Pinales,Cupressaceae,Sequoia,species,2011-05-24T10:51:41-07:00,18692.jpg,6743
144296363,Cyanistes caeruleus,49.2318420174,17.3617719001,Animalia,Chordata,Aves,Passeriformes,Paridae,Cyanistes,species,2022-12-13T13:47:00+01:00,144296363.jpg,2135
72153203,Ardea alba,13.4616212076,-16.7048380627,Animalia,Chordata,Aves,Pelecaniformes,Ardeidae,Ardea,species,2019-06-12T15:29:00+02:00,72153203.jpg,639
180365695,Ardea herodias,43.2838366667,-80.0475833333,Animalia,Chordata,Aves,Pelecaniformes,Ardeidae,Ardea,species,2023-08-26T19:22:45-04:00,180365695.jpg,644
180367671,Buteo jamaicensis,43.1589933286,-79.2607356132,Animalia,Chordata,Aves,Accipitriformes,Accipitridae,Buteo,species,2023-08-26T09:58:00-04:00,180367671.jpg,1144
36080819,Turdus migratorius,38.9175509,-77.279589,Animalia,Chordata,Aves,Passeriformes,Turdidae,Turdus,species,2019-11-25T12:15:00-05:00,36080819.jpg,7618
13454,Sequoia sempervirens,37.4233551025,-122.1726455688,Plantae,Tracheophyta,Pinopsida,Pinales,Cupressaceae,Sequoia,species,2011-03-30T12:54:29-07:00,13454.jpg,6743
7024,Fringilla coelebs,51.969745636,-3.1183791161,Animalia,Chordata,Aves,Passeriformes,Fringillidae,Fringilla,species,2010-05-01T11:03:00+01:00,7024.jpg,3045
108225419,Sceloporus occidentalis,34.0061675672,-118.3607258878,Animalia,Chordata,Reptilia,Squamata,Phrynosomatidae,Sceloporus,species,2022-02-27T14:04:00-08:00,108225419.jpg,6627
14928,Sequoia sempervirens,36.2398643494,-121.7771530151,Plantae,Tracheophyta,Pinopsida,Pinales,Cupressaceae,Sequoia,species,2011-04-19T11:04:52-07:00,14928.jpg,6743
72155966,Cygnus olor,48.8664020629,2.604111495,Animalia,Chordata,Aves,Anseriformes,Anatidae,Cygnus,species,2021-03-27T09:26:00Z,72155966.jpg,2166
18691,Sequoia sempervirens,37.8983421326,-122.5754470825,Plantae,Tracheophyta,Pinopsida,Pinales,Cupressaceae,Sequoia,species,2011-05-24T10:51:41-07:00,18691.jpg,6743
216454435,Fringilla coelebs,45.5281890797,9.1944501127,Animalia,Chordata,Aves,Passeriformes,Fringillidae,Fringilla,species,2024-05-18T06:23:43+02:00,216454435.jpg,3045
12027,Corvus corax,33.804679266,-106.8904173374,Animalia,Chordata,Aves,Passeriformes,Corvidae,Corvus,species,2011-02-25,12027.jpg,1993
108220117,Corvus corax,59.3957342288,48.9556857883,Animalia,Chordata,Aves,Passeriformes,Corvidae,Corvus,species,2022-03-08T10:41:00+03:00,108220117.jpg,1993
144304645,Poecile atricapillus,43.2091716667,-79.948945,Animalia,Chordata,Aves,Passeriformes,Paridae,Poecile,species,2022-12-13T12:14:46-05:00,144304645.jpg,5845
36084024,Meleagris gallopavo,29.5894798939,-99.7389299846,Animalia,Chordata,Aves,Galliformes,Phasianidae,Meleagris,species,2019-11-25T20:43:14Z,36084024.jpg,4507
36076601,Buteo jamaicensis,31.5455001,-110.2772856,Animalia,Chordata,Aves,Accipitriformes,Accipitridae,Buteo,species,2016-09-28,36076601.jpg,1144
21633,Astur cooperii,37.8124699689,-122.2053338352,Animalia,Chordata,Aves,Accipitriformes,Accipitridae,Astur,species,2011-06-15T09:12:37-07:00,21633.jpg,811
72149802,Cyanistes caeruleus,51.1244085871,15.3039563995,Animalia,Chordata,Aves,Passeriformes,Paridae,Cyanistes,species,2021-03-02T10:13:00Z,72149802.jpg,2135
36074434,Turdus migratorius,38.9609680693,-76.8413417414,Animalia,Chordata,Aves,Passeriformes,Turdidae,Turdus,species,2019-11-25T17:00:00-05:00,36074434.jpg,7618
72146481,Pinus sylvestris,59.794200949,59.9675721167,Plantae,Tracheophyta,Pinopsida,Pinales,Pinaceae,Pinus,species,2021-03-27T11:35:00+05:00,72146481.jpg,5705
72148380,Pinus sylvestris,59.7979259722,59.959111,Plantae,Tracheophyta,Pinopsida,Pinales,Pinaceae,Pinus,species,2021-03-27T09:02:29+05:00,72148380.jpg,5705
180369954,Danaus plexippus,35.2410133333,-97.510795,Animalia,Arthropoda,Insecta,Lepidoptera,Nymphalidae,Danaus,species,2023-08-25T18:58:35-05:00,180369954.jpg,2230
72151925,Turdus merula,51.4962614031,-2.5904238224,Animalia,Chordata,Aves,Passeriformes,Turdidae,Turdus,species,2021-03-26T12:00:23Z,72151925.jpg,7617
108225148,Dryobates pubescens,38.5234340383,-121.7849740147,Animalia,Chordata,Aves,Piciformes,Picidae,Dryobates,species,2022-03-08T16:50:00-08:00,108225148.jpg,2492
144306682,Pandion haliaetus,27.7425405,-82.4342723,Animalia,Chordata,Aves,Accipitriformes,Pandionidae,Pandion,species,2022-12-12T13:26:00-05:00,144306682.jpg,5239
216443809,Buteo jamaicensis,38.4441222222,-122.5121833333,Animalia,Chordata,Aves,Accipitriformes,Accipitridae,Buteo,species,2024-05-17T14:05:00-07:00,216443809.jpg,1144
252519102,Cyanistes caeruleus,57.6948391624,39.8087471462,Animalia,Chordata,Aves,Passeriformes,Paridae,Cyanistes,species,2024-11-04T13:56:00+03:00,252519102.jpg,2135
108225609,Galanthus nivalis,49.6232021007,6.0045954146,Plantae,Tracheophyta,Liliopsida,Asparagales,Amaryllidaceae,Galanthus,species,2022-03-08T14:56:19+01:00,108225609.jpg,3081
108222081,Danaus plexippus,37.9260103823,-121.996726356,Animalia,Arthropoda,Insecta,Lepidoptera,Nymphalidae,Danaus,species,2022-03-07T15:51:00-08:00,108222081.jpg,2230
108229495,Cyanistes caeruleus,61.4537401016,23.8459146853,Animalia,Chordata,Aves,Passeriformes,Paridae,Cyanistes,species,2022-03-09T10:55:24+02:00,108229495.jpg,2135
36083280,Cathartes aura,37.195675,-121.966576,Animalia,Chordata,Aves,Cathartiformes,Cathartidae,Cathartes,species,2019-11-25T10:47:00-08:00,36083280.jpg,1413
36074843,Spatula clypeata,33.7342113499,-96.7687690428,Animalia,Chordata,Aves,Anseriformes,Anatidae,Spatula,species,2019-11-24T23:25:00-06:00,36074843.jpg,6902
252522303,Larus delawarensis,42.8682986404,-72.5615779682,Animalia,Chordata,Aves,Charadriiformes,Laridae,Larus,species,2024-11-20T13:11:00-05:00,252522303.jpg,3943
72157858,Lamium purpureum,42.4632805556,-76.4581166667,Plantae,Tracheophyta,Magnoliopsida,Lamiales,Lamiaceae,Lamium,species,2021-03-26T12:15:58-04:00,72157858.jpg,3905
12702,Pandion haliaetus,13.7821423,-16.4692997,Animalia,Chordata,Aves,Accipitriformes,Pandionidae,Pandion,species,2011-02-25,12702.jpg,5239
216446264,Pisaster ochraceus,43.107370424,-124.4366899333,Animalia,Echinodermata,Asteroidea,Forcipulatida,Asteriidae,Pisaster,species,2024-05-09T07:13:00-07:00,216446264.jpg,5719
20394,Sitta carolinensis,37.2357883,-121.8797421,Animalia,Chordata,Aves,Passeriformes,Sittidae,Sitta,species,2011-06-05,20394.jpg,6836
14565,Sceloporus occidentalis,38.0207176208,-122.6598510742,Animalia,Chordata,Reptilia,Squamata,Phrynosomatidae,Sceloporus,species,2011-04-16T14:33:39-07:00,14565.jpg,6627
36084152,Larus delawarensis,32.7856783333,-117.0413666667,Animalia,Chordata,Aves,Charadriiformes,Laridae,Larus,species,2019-11-25T13:57:00-08:00,36084152.jpg,3943
36076432,Passer domesticus,42.2808566667,-81.8431066667,Animalia,Chordata,Aves,Passeriformes,Passeridae,Passer,species,2019-11-24T13:33:00-05:00,36076432.jpg,5347
36074947,Spinus tristis,33.7122685697,-96.7887831237,Animalia,Chordata,Aves,Passeriformes,Fringillidae,Spinus,species,2019-11-25T00:50:00-06:00,36074947.jpg,6955
36082745,Egretta thula,32.5688944444,-117.1269666667,Animalia,Chordata,Aves,Pelecaniformes,Ardeidae,Egretta,species,2019-11-25T16:52:00-08:00,36082745.jpg,2560
10337,Sitta carolinensis,33.4306088,-111.0270616,Animalia,Chordata,Aves,Passeriformes,Sittidae,Sitta,species,2008-04-20,10337.jpg,6836
108220476,Corvus brachyrhynchos,54.2213884361,-130.2923835018,Animalia,Chordata,Aves,Passeriformes,Corvidae,Corvus,species,2022-03-05T13:58:00-08:00,108220476.jpg,1992
36074369,Ardea herodias,37.0197447,-76.3396822,Animalia,Chordata,Aves,Pelecaniformes,Ardeidae,Ardea,species,2019-11-25T16:53:38-05:00,36074369.jpg,644
20852,Pandion haliaetus,41.5425055338,-70.6245803833,Animalia,Chordata,Aves,Accipitriformes,Pandionidae,Pandion,species,2011-06-08,20852.jpg,5239
252524413,Zonotrichia leucophrys,30.4934880154,-115.8937441666,Animalia,Chordata,Aves,Passeriformes,Passerellidae,Zonotrichia,species,2024-11-13T08:23:00-08:00,252524413.jpg,7978
5026,Egretta thula,37.8313789368,-122.5365219116,Animalia,Chordata,Aves,Pelecaniformes,Ardeidae,Egretta,species,2007-12-24,5026.jpg,2560
72149846,Agelaius phoeniceus,37.8709088707,-122.3147127252,Animalia,Chordata,Aves,Passeriformes,Icteridae,Agelaius,species,2021-03-26T17:54:00-07:00,72149846.jpg,201
252517098,Quiscalus mexicanus,27.674545,-97.379345,Animalia,Chordata,Aves,Passeriformes,Icteridae,Quiscalus,species,2024-11-19T08:15:01-06:00,252517098.jpg,6274
252526459,Zonotrichia leucophrys,37.0305777778,-122.2186222222,Animalia,Chordata,Aves,Passeriformes,Passerellidae,Zonotrichia,species,2024-11-20T16:05:00-08:00,252526459.jpg,7978
108219675,Danaus plexippus,29.6876042948,-95.5190012432,Animalia,Arthropoda,Insecta,Lepidoptera,Nymphalidae,Danaus,species,2021-12-01T11:15:40Z,108219675.jpg,2230
14074,Ardea cinerea,52.3585283,4.869938,Animalia,Chordata,Aves,Pelecaniformes,Ardeidae,Ardea,species,2011-03-22,14074.jpg,640
252528446,Mareca strepera,33.3656509,-97.0121326,Animalia,Chordata,Aves,Anseriformes,Anatidae,Mareca,species,2024-11-21T11:52:00-06:00,252528446.jpg,4415
108226459,Harmonia axyridis,29.5767583333,-98.6212216667,Animalia,Arthropoda,Insecta,Coleoptera,Coccinellidae,Harmonia,species,2022-02-08T17:53:23-06:00,108226459.jpg,3355
72151746,Streptopelia decaocto,43.5261526385,11.5642210235,Animalia,Chordata,Aves,Columbiformes,Columbidae,Streptopelia,species,2021-03-26T17:45:00-10:00,72151746.jpg,7075
5027,Cathartes aura,38.083404541,-122.7633056641,Animalia,Chordata,Aves,Cathartiformes,Cathartidae,Cathartes,species,2003-02-15,5027.jpg,1413
108232783,Meleagris gallopavo,44.15551417,-78.62711198,Animalia,Chordata,Aves,Galliformes,Phasianidae,Meleagris,species,2022-03-06T13:06:12-05:00,108232783.jpg,4507
20445,Pandion haliaetus,39.9253049051,-76.3872528076,Animalia,Chordata,Aves,Accipitriformes,Pandionidae,Pandion,species,2011-06-04,20445.jpg,5239
180374944,Astur cooperii,38.6898865092,-121.3484449312,Animalia,Chordata,Aves,Accipitriformes,Accipitridae,Astur,species,2023-08-23T11:31:00-07:00,180374944.jpg,811
180371209,Streptopelia decaocto,29.9677132287,-98.9050338417,Animalia,Chordata,Aves,Columbiformes,Columbidae,Streptopelia,species,2023-08-25T08:15:54-05:00,180371209.jpg,7075
144296134,Dendrocopos major,54.638166537,83.8864365499,Animalia,Chordata,Aves,Piciformes,Picidae,Dendrocopos,species,2022-12-11T14:26:00+07:00,144296134.jpg,2297
216441245,Pica pica,52.366,4.916532,Animalia,Chordata,Aves,Passeriformes,Corvidae,Pica,species,2024-05-13T02:11:00+02:00,216441245.jpg,5650
216441145,Streptopelia decaocto,29.5862257573,-95.240483972,Animalia,Chordata,Aves,Columbiformes,Columbidae,Streptopelia,species,2024-05-17T18:25:00-05:00,216441145.jpg,7075
108223723,Passer domesticus,44.9388028489,-93.2217779458,Animalia,Chordata,Aves,Passeriformes,Passeridae,Passer,species,2022-03-04T14:58:00-06:00,108223723.jpg,5347
180365791,Harmonia axyridis,47.2875908315,-122.0196341606,Animalia,Arthropoda,Insecta,Coleoptera,Coccinellidae,Harmonia,species,2023-08-26T16:16:25-07:00,180365791.jpg,3355
36079924,Dione vanillae,18.4918838937,-69.9505160291,Animalia,Arthropoda,Insecta,Lepidoptera,Nymphalidae,Dione,species,2019-11-25T14:52:29-05:00,36079924.jpg,2391
216438482,Turdus migratorius,40.3029511037,-75.1411063151,Animalia,Chordata,Aves,Passeriformes,Turdidae,Turdus,species,2024-05-17T06:12:01-04:00,216438482.jpg,7618
216446262,Pisaster ochraceus,43.107370424,-124.4366899333,Animalia,Echinodermata,Asteroidea,Forcipulatida,Asteriidae,Pisaster,species,2024-05-09T07:12:00-07:00,216446262.jpg,5719
216447298,Melospiza melodia,43.9518029827,-113.6722895555,Animalia,Chordata,Aves,Passeriformes,Passerellidae,Melospiza,species,2024-05-16T11:45:00-06:00,216447298.jpg,4535
72148088,Pinus sylvestris,59.7960869722,59.9615629722,Plantae,Tracheophyta,Pinopsida,Pinales,Pinaceae,Pinus,species,2021-03-27T09:31:08+05:00,72148088.jpg,5705
5702,Streptopelia decaocto,51.9051094055,0.0595134012,Animalia,Chordata,Aves,Columbiformes,Columbidae,Streptopelia,species,2010-02-20,5702.jpg,7075
252513360,Pica pica,42.8438288769,47.6904197646,Animalia,Chordata,Aves,Passeriformes,Corvidae,Pica,species,2024-05-16T07:24:00+03:00,252513360.jpg,5650
72159828,Cyanocitta cristata,44.478771,-77.313134,Animalia,Chordata,Aves,Passeriformes,Corvidae,Cyanocitta,species,2021-03-27T08:41:00-04:00,72159828.jpg,2137
144304837,Corvus cornix,60.1737254302,24.966386861,Animalia,Chordata,Aves,Passeriformes,Corvidae,Corvus,species,2022-12-13,144304837.jpg,1994
180365726,Odocoileus virginianus,42.3968580719,-71.2077381458,Animalia,Chordata,Mammalia,Artiodactyla,Cervidae,Odocoileus,species,2023-08-26T19:27:00-04:00,180365726.jpg,4987
17380,Streptopelia decaocto,37.4981504628,-122.2240591049,Animalia,Chordata,Aves,Columbiformes,Columbidae,Streptopelia,species,2011-05-16,17380.jpg,7075
216445138,Melospiza melodia,45.4564534543,-122.7915793877,Animalia,Chordata,Aves,Passeriformes,Passerellidae,Melospiza,species,2023-10-04T18:02:00-07:00,216445138.jpg,4535
108220884,Corvus corax,43.26535,-118.8436566667,Animalia,Chordata,Aves,Passeriformes,Corvidae,Corvus,species,2022-03-08T07:24:00-08:00,108220884.jpg,1993
144292389,Dendrocopos major,56.9872633333,59.84293,Animalia,Chordata,Aves,Piciformes,Picidae,Dendrocopos,species,2022-12-13T13:54:00+05:00,144292389.jpg,2297
72156821,Dendrocopos major,50.4606336426,4.1593717243,Animalia,Chordata,Aves,Piciformes,Picidae,Dendrocopos,species,2021-03-08T14:48:00+01:00,72156821.jpg,2297
16088,Mareca strepera,38.0273170471,-122.512298584,Animalia,Chordata,Aves,Anseriformes,Anatidae,Mareca,species,2011-05-02T09:11:12-07:00,16088.jpg,4415
72146561,Cyanistes caeruleus,48.628146,13.043813,Animalia,Chordata,Aves,Passeriformes,Paridae,Cyanistes,species,2021-03-14T10:00:00+01:00,72146561.jpg,2135
16087,Agelaius phoeniceus,38.0256652832,-122.5169372559,Animalia,Chordata,Aves,Passeriformes,Icteridae,Agelaius,species,2011-05-02T09:04:28-07:00,16087.jpg,201
10188,Cathartes aura,38.0705092,-122.8658591,Animalia,Chordata,Aves,Cathartiformes,Cathartidae,Cathartes,species,2008-07-07,10188.jpg,1413
36076363,Astur cooperii,34.4083463587,-119.8440798932,Animalia,Chordata,Aves,Accipitriformes,Accipitridae,Astur,species,2019-11-25T14:26:22Z,36076363.jpg,811
252517537,Odocoileus virginianus,29.5538458347,-98.6300693991,Animalia,Chordata,Mammalia,Artiodactyla,Cervidae,Odocoileus,species,2022-10-04T10:00:00-05:00,252517537.jpg,4987
216444109,Apis mellifera,32.6429550283,-115.4741255566,Animalia,Arthropoda,Insecta,Hymenoptera,Apidae,Apis,species,2024-05-17T12:13:11-07:00,216444109.jpg,561
4734,Branta canadensis,37.7676620483,-122.4820251465,Animalia,Chordata,Aves,Anseriformes,Anatidae,Branta,species,2009-11-14,4734.jpg,1071
72150037,Cyanistes caeruleus,57.811964597,24.3469960902,Animalia,Chordata,Aves,Passeriformes,Paridae,Cyanistes,species,2021-01-14T14:51:00+03:00,72150037.jpg,2135
252514115,Cathartes aura,32.6009489918,-85.4861768215,Animalia,Chordata,Aves,Cathartiformes,Cathartidae,Cathartes,species,2024-11-21T11:42:26-06:00,252514115.jpg,1413
144298413,Branta canadensis,35.2350437981,-86.7107143949,Animalia,Chordata,Aves,Anseriformes,Anatidae,Branta,species,2022-12-12T12:39:00-06:00,144298413.jpg,1071
10585,Zonotrichia leucophrys,37.4162712097,-122.1800994873,Animalia,Chordata,Aves,Passeriformes,Passerellidae,Zonotrichia,species,2011-01-27T11:13:13-08:00,10585.jpg,7978
252529081,Sitta carolinensis,44.4822759775,-77.4967839656,Animalia,Chordata,Aves,Passeriformes,Sittidae,Sitta,species,2024-11-21T14:09:00-05:00,252529081.jpg,6836
108225018,Sequoia sempervirens,37.0237916667,-122.0791471667,Plantae,Tracheophyta,Pinopsida,Pinales,Cupressaceae,Sequoia,species,2022-03-08T13:39:28-08:00,108225018.jpg,6743
72162004,Fringilla coelebs,51.0849052619,16.9794265366,Animalia,Chordata,Aves,Passeriformes,Fringillidae,Fringilla,species,2021-03-26T17:29:00-10:00,72162004.jpg,3045
216442473,Sceloporus occidentalis,38.4377583333,-122.5040194444,Animalia,Chordata,Reptilia,Squamata,Phrynosomatidae,Sceloporus,species,2024-05-17T12:27:00-07:00,216442473.jpg,6627
10310,Turdus merula,-43.5320544,172.6362254,Animalia,Chordata,Aves,Passeriformes,Turdidae,Turdus,species,2007-06-19,10310.jpg,7617
216444724,Mareca strepera,55.7748086589,52.3715526604,Animalia,Chordata,Aves,Anseriformes,Anatidae,Mareca,species,2024-05-12T15:24:00+03:00,216444724.jpg,4415
144298698,Dryobates pubescens,41.9855797012,-73.1847042125,Animalia,Chordata,Aves,Piciformes,Picidae,Dryobates,species,2022-12-13T10:09:13-05:00,144298698.jpg,2492
180366154,Corvus brachyrhynchos,33.8836734083,-118.3340004557,Animalia,Chordata,Aves,Passeriformes,Corvidae,Corvus,species,2023-08-23T18:35:00-07:00,180366154.jpg,1992
144302448,Streptopelia decaocto,32.8808896564,-111.844851818,Animalia,Chordata,Aves,Columbiformes,Columbidae,Streptopelia,species,2022-12-13T09:26:43-07:00,144302448.jpg,7075
36082306,Quiscalus mexicanus,31.7676118944,-106.5029243146,Animalia,Chordata,Aves,Passeriformes,Icteridae,Quiscalus,species,2019-10-02T16:39:39-06:00,36082306.jpg,6274
